question_id;question_id_individual;question_text;token_count;Conceptual Question Type;Functional Question Type;token_group
5c0aa712-4002-4c9a-8c8d-dc117971e6c5;5c0aa712-4002-4c9a-8c8d-dc117971e6c5__C;( feste beziehung ) und wo finde ich leute ?;7;;;5-10
bbd874c2-2560-4715-8177-22f30616c769;bbd874c2-2560-4715-8177-22f30616c769__B;( ja ich weiß es ist nicht gesund ) Fühlt ihr euch durch das rauchen entspannter ?;14;;;11-15
ccb8b845-0089-4ac0-b0dd-012bf1040b72;ccb8b845-0089-4ac0-b0dd-012bf1040b72__C;2 . Bild : Warum ist hier ein Vorfahrtschild und direkt dahinter Give way ?;12;;;11-15
78581ddc-7e0e-4ef5-ab3b-c07d0a78a6e1;78581ddc-7e0e-4ef5-ab3b-c07d0a78a6e1__B;2-Variante , die Impfungen momentan kaum noch helfen und ein aktueller Impfstoff immer noch nicht zugelassen ist ?;15;;;11-15
7299d254-04f4-4d2f-9c0c-d7297cf5adbd;7299d254-04f4-4d2f-9c0c-d7297cf5adbd__B;Aber darf man Navis verwenden , die Blitzer anzeigen können , man diese Funktion aber nicht verwendet ?;15;;;11-15
d1b0350f-e9f2-4d0b-af3e-16e0fbd71081;d1b0350f-e9f2-4d0b-af3e-16e0fbd71081__B;Aber selbst wenn man sowas äußert , müsste nicht Jeder seine Meinung haben dürfen wenn diese keinen anderen schädigt ?;18;;;16-20
d8ae4d4b-fb66-4444-a66f-5dc02e852f57;d8ae4d4b-fb66-4444-a66f-5dc02e852f57__B;Aber warum gibt es dann Menschen die nur aus finanziellen Grünen arbeiten und auch ohne Arbeit nicht depressiv werden ?;19;;;16-20
cd232d06-f068-41a2-aca3-d9b3aec886f8;cd232d06-f068-41a2-aca3-d9b3aec886f8__C;Aber weshalb in einer Wohnung ?;5;;;5-10
38ecce87-6c7b-4e6f-bced-0e3e5333c35f;38ecce87-6c7b-4e6f-bced-0e3e5333c35f__C;Aber wie sollte der Ablauf für optimale Fettverbrennung sein ?;9;;;5-10
44cbae82-d52b-460f-b6cc-220c3c2044e9;44cbae82-d52b-460f-b6cc-220c3c2044e9__C;Aber zumindest geht keine Linie zum Herz ( Stich ist am linken Unterarm ) Hat jemand Erfahrung mit so einem Stich/Biss ?;20;;;16-20
66fc1a36-4975-4568-90fe-8e71e20a85ac;66fc1a36-4975-4568-90fe-8e71e20a85ac__A;Akkustik schaumstoff matten mit Pattex Montagekleber All Materials an holz wand kleben ?;12;;;11-15
ddc93870-8ad7-43f2-9050-3515d31262de;ddc93870-8ad7-43f2-9050-3515d31262de__A;Als ihr mal so eine Zeit hattet wo euch die ganze Zeit was tief ekelhaft bedrückt hat ?;17;;;16-20
ff50ce8d-cf20-4e86-8710-67f77f440986;ff50ce8d-cf20-4e86-8710-67f77f440986__C;Also die Aufrufe stehen ja drunter aber kann man auch sehen wer es angeschaut hat ?;15;;;11-15
0744019a-9cdb-45ab-8563-ebb19457d747;0744019a-9cdb-45ab-8563-ebb19457d747__B;Also die Story , kommt da in der Zukunft noch was ?;10;;;5-10
a5a773f6-25e6-4f60-a8a7-55e7ab98e1d6;a5a773f6-25e6-4f60-a8a7-55e7ab98e1d6__C;Also ich meine wenn es eigentlich ganz gut läuft , und wie viele Kunden hat man im Monat ?;17;;;16-20
0c310114-8824-4902-bb22-bc18bdd1889b;0c310114-8824-4902-bb22-bc18bdd1889b__B;Also meine frage wozu hat man die ganzen Reibwerte gegeben ?;10;;;5-10
e51f8758-24f9-45fe-9486-9bd39fac255a;e51f8758-24f9-45fe-9486-9bd39fac255a__B;Also worauf macht ihr eure Arbeit , also Videos schauen , Texte schreiben , Zocken und Musik hören ?;15;;;11-15
e0c3cd79-3fa6-4c52-8c84-0960d9d6401d;e0c3cd79-3fa6-4c52-8c84-0960d9d6401d__C;An die Männer die Frage : Wieso machen das einige von euch ?;11;;;11-15
8f4c96fb-b618-4b72-bdd7-9bbf5854a6cf;8f4c96fb-b618-4b72-bdd7-9bbf5854a6cf__C;Bedeutet die Blutung jetzt ich war die ganze Zeit nicht geschützt oder ist das eine Nebenwirkung der zweifachen doppelten Einnahme ?;20;;;16-20
b86e2c23-2952-46a5-b38b-c429e7c798fc;b86e2c23-2952-46a5-b38b-c429e7c798fc__B;Bei der Monatlichen abrechnug meines Girokontos , erhalte ich immer einige Cent . . . woran liegt das ?;14;;;11-15
2587cef8-5200-4763-b866-435826f7ef1f;2587cef8-5200-4763-b866-435826f7ef1f__A;Bei krypto . com einem Antrag auf Verifizierung gestellt obwohl ich noch nicht 18 bin ?;14;;;11-15
2146e00a-b117-46d0-8723-f053a9a43e79;2146e00a-b117-46d0-8723-f053a9a43e79__B;Bis jetzt habe ich nur dieses gefunden : - Gibt es eventuell noch andere ?;12;;;11-15
669bcc57-5661-49e1-a4f6-a25c9414ff5d;669bcc57-5661-49e1-a4f6-a25c9414ff5d__A;Bist Du gut darin , Probleme zu lösen , oder fällt es Dir eher schwer ?;13;;;11-15
f73d63b8-6ca7-413e-83c8-7e6d7c44b7e5;f73d63b8-6ca7-413e-83c8-7e6d7c44b7e5__A;Blätter der Magnolie werden angefressen , gibts was zum raufsprühen ?;9;;;5-10
ed594c3a-48ad-4def-831a-e93abe575d17;ed594c3a-48ad-4def-831a-e93abe575d17__A;Blöde Frage zu VLC : wenn ich konvertiere mit dem VLC wie gehe ich da vor ?;15;;;11-15
86a17585-02ad-471b-af4b-7f60b1c46e0b;86a17585-02ad-471b-af4b-7f60b1c46e0b__B;Brauche ich da einen BH oder Bustier ?;7;;;5-10
f5d745c7-6190-452a-9e8e-c72d5abd8ea7;f5d745c7-6190-452a-9e8e-c72d5abd8ea7__D;Bzw geht ihr danach duschen oder nicht ?;7;;;5-10
788499b8-fccd-4197-bfb0-4a4b5e2aa122;788499b8-fccd-4197-bfb0-4a4b5e2aa122__A;Cmd öffnet und schließt sich ?;5;;;5-10
21204a03-c79a-46ba-bf5b-bd52aa758061;21204a03-c79a-46ba-bf5b-bd52aa758061__B;Da wollte ich fragen ob das registrieren kostenlos ist und wer allgemein Erfahrungen mit der Webseite hat ?;17;;;16-20
0a53ce82-b1c2-49ad-ac07-3afa49b48dab;0a53ce82-b1c2-49ad-ac07-3afa49b48dab__B;Daher meine Frage : Könnte man theoretisch auch während der Vorlesungszeit über die 20h Grenze gehen ohne den Werkstudentenprivileg zu verlieren ?;19;;;16-20
60872b5f-ea28-4881-8371-7ed72a40a1f6;60872b5f-ea28-4881-8371-7ed72a40a1f6__B;Danach weiß ich ja soll man was warmes trinken und nichts kaltes , aber warum davor nichts warmes ?;17;;;16-20
9c2ae68a-fe79-4285-9ffc-938695e4306a;9c2ae68a-fe79-4285-9ffc-938695e4306a__A;darf ich zu mir Sertralin ( Antidepressiva ) nehmen obwohl seit langem nicht mehr benutzt habe ?;14;;;11-15
1308d3cc-50b0-49a7-92e7-a5ccd144d02b;1308d3cc-50b0-49a7-92e7-a5ccd144d02b__A;Darf mann mit einem messer oder so draussen haben also versteckt zur selbstverteidiung ?;13;;;11-15
72a31b97-e616-4fc8-94a4-eb8c3525afd4;72a31b97-e616-4fc8-94a4-eb8c3525afd4__B;Das ist Betrug aber wie nennt sich das Ganze laut Strafgesetzbuch ?;11;;;11-15
53562119-35e4-4e96-af3a-f82df0f92996;53562119-35e4-4e96-af3a-f82df0f92996__F;Das werdet ihr mir wahrscheinlich schlecht sagen können aber habt ihr da Erfahrungen ?;13;;;11-15
470baafa-1e67-4b30-aee4-1b84ed1fb95c;470baafa-1e67-4b30-aee4-1b84ed1fb95c__B;Denkt ihr , dass durch mein Denken daran , ich mich wirklich ernsthaft verschlucken kann ?;13;;;11-15
cd52608b-fa4a-4e01-91dd-9f46379c496f;cd52608b-fa4a-4e01-91dd-9f46379c496f__B;Denkt ihr , dass ich dadurch glücklicher werde oder soll ich was anderes machen ?;13;;;11-15
10d30daa-c222-427b-8a69-256b35c83e97;10d30daa-c222-427b-8a69-256b35c83e97__B;Der Controller verbindet sich problemlos mit dem PC , leuchtet weiß auf , aber wird nicht in Ds4 windows angezeigt , woran liegt das ?;20;;;16-20
48cb1dbf-4a37-4467-9877-891123d10dd5;48cb1dbf-4a37-4467-9877-891123d10dd5__B;Der Schaden befindet sich an der Ecke rechts unten . . . Meine Frage ist jetzt - wie gefährlich ist das wirklich ?;18;;;16-20
1f73cbcc-e144-44c6-94a9-7f7dc94900b6;1f73cbcc-e144-44c6-94a9-7f7dc94900b6__C;Deshalb meine Frage an die Community ob es eine Erklärung für den Rückgang gibt ?;14;;;11-15
9e71b751-3e67-4d7b-bdb2-0d0ffca3d9a2;9e71b751-3e67-4d7b-bdb2-0d0ffca3d9a2__C;Die Pause sollte ja eigentlich auch als Pause genutzt werden Gibt es da eine Verordnung oder ähnliches für diese Thematik ?;20;;;16-20
d249a50d-7b44-4e67-a19c-83f3cb461fdc;d249a50d-7b44-4e67-a19c-83f3cb461fdc__A;Dürfen Psychotherapeuten auch Diagnosen stellen oder dürfen dies nur Ärzte ?;10;;;5-10
d6a95efa-0620-492c-833d-d1d0c499493e;d6a95efa-0620-492c-833d-d1d0c499493e__A;Einfach eine Wohnung finden , was sind eure Tipps und Tricks ?;10;;;5-10
67a49308-d745-4ef5-a1a0-e69a29357422;67a49308-d745-4ef5-a1a0-e69a29357422__B;Einfach nur zur Bestätigung , wegen dem leichten Durchfall den ich hatte , muss ich mir sorgen machen dass irgendwas passiert ist ?;20;;;16-20
8f55b995-02ab-47b8-8f70-4313eee65a37;8f55b995-02ab-47b8-8f70-4313eee65a37__A;Epic games will mein konto löschen ?;6;;;5-10
23c49a3d-6eb7-4e4c-b81b-221adf4d9564;23c49a3d-6eb7-4e4c-b81b-221adf4d9564__A;Erinnern euch die Halteschlaufen in Verkehrsmitteln die von der Decke baumeln auch an Pferdeschwänze ?;14;;;11-15
e0f776e8-c436-4cc6-920d-337f840a611d;e0f776e8-c436-4cc6-920d-337f840a611d__F;Frage 3 : funktioniert der dlc wenn man bereits in einem gespeicherten Spiel ist oder muss man von vorne beginnen ?;19;;;16-20
942b9309-137f-44b3-87f0-cfabbec1b0ca;942b9309-137f-44b3-87f0-cfabbec1b0ca__B;Gehst das trotzdem für den Schwimmunterricht ?;6;;;5-10
2817f94f-6c30-4c16-a491-bfdd97ac79ab;2817f94f-6c30-4c16-a491-bfdd97ac79ab__B;Geht das nur wenn ich in der Nähe bin oder können das auch andere machen ?;15;;;11-15
a9bda05a-143e-47f9-a5f3-be4aa54b812f;a9bda05a-143e-47f9-a5f3-be4aa54b812f__C;Gibt es besondere Gestaltungsmöglichkeiten , welche ihr euch vorstellen könntet ?;9;;;5-10
235c3f8c-11c9-49dd-bd62-08c270a53b3c;235c3f8c-11c9-49dd-bd62-08c270a53b3c__C;Gibt es ein einfacheren Weg als eigene Recherche , die für einen Laien anspruchsvoll sein kann ?;15;;;11-15
4773b8ee-d521-46b8-9ffb-f646e2ad0cc5;4773b8ee-d521-46b8-9ffb-f646e2ad0cc5__A;Gibt es ein GUTES Portal auf dem man eine Band finden kann ?;12;;;11-15
cb747469-48ac-4705-af10-f91e7ec7f99d;cb747469-48ac-4705-af10-f91e7ec7f99d__B;Gibt es in Berlin Tattoowierer die auch ab 16 stechen ?;10;;;5-10
4e1ab383-7189-4733-a6d9-6bef4a4b5029;4e1ab383-7189-4733-a6d9-6bef4a4b5029__C;Gibt es vielleicht etwas in der Hardware das empfindlich auf den NFC Chip reagiert ?;14;;;11-15
46e19cc8-5d60-43b9-bd44-aa1581031e63;46e19cc8-5d60-43b9-bd44-aa1581031e63__A;Gibt es was mit Salz das man ins Auto legt wenn man darin schläft , damit es nicht beschlägt ?;18;;;16-20
42357d73-90f1-465f-b79f-0dce8d00614c;42357d73-90f1-465f-b79f-0dce8d00614c__B;Glaubt ihr dass da was ist oder ist es nur harmlos ?;11;;;11-15
3646959a-4225-42f7-a108-e1a5e83030a8;3646959a-4225-42f7-a108-e1a5e83030a8__A;Gute intensive lesbian sex storys ?;5;;;5-10
7a551086-1872-44e0-91d1-25e79193d5d8;7a551086-1872-44e0-91d1-25e79193d5d8__B;Hab heute hinter einem A380 Wolkenbildung gesehen ( ähnlich wie wenn ein jet die Schallmauer durchbricht ) wie heißt das ?;17;;;16-20
727f18e6-3725-4912-9e40-be1939495ca9;727f18e6-3725-4912-9e40-be1939495ca9__B;Habe mir ausversehen die Draco im Shop gekauft kann ich was dagegen machen das ich meine Credit zurück bekomme ?;19;;;16-20
dd8708a2-c1a6-46e8-9dd7-74ea2de22c7e;dd8708a2-c1a6-46e8-9dd7-74ea2de22c7e__B;Habt ihr Ideen wie man von Freundschaft zur Liebe kommt ?;10;;;5-10
69e7158a-a6d6-4170-9654-1b27935d567e;69e7158a-a6d6-4170-9654-1b27935d567e__B;Hallo , Kann mir jemand eine Grafikkarte um 200-300€ empfehlen zum Zocken ?;12;;;11-15
8d7e79bc-f01c-47f5-a1d3-dd21984d5d28;8d7e79bc-f01c-47f5-a1d3-dd21984d5d28__B;Hallo , was ist der Unterschied zwischen den beiden Maschinen ?;9;;;5-10
d91d3723-3468-4e7f-8764-fcd84bb47dee;d91d3723-3468-4e7f-8764-fcd84bb47dee__B;Hallo , weiß hier jemand , ob die Testspiele des FC Bayern ( gegen D . C . United und Manchester City ) live übertragen werden ?;20;;;16-20
b7021bf8-aa62-4df5-ad0b-1d5c42418b2d;b7021bf8-aa62-4df5-ad0b-1d5c42418b2d__B;Hallo , weiß jemand aus erster Hand , in welchen Geschäften ( Supermärkte , Drogerien ) man Geld abheben kann mit einer VISA Debit Karte ?;20;;;16-20
e9286a0d-237e-4a57-858c-2726a5e5a89d;e9286a0d-237e-4a57-858c-2726a5e5a89d__B;Hallo Kann mir einer bei Aufgabe 7 helfen ?;8;;;5-10
c8ae1a8e-c776-438e-8406-f415b79f9c6b;c8ae1a8e-c776-438e-8406-f415b79f9c6b__A;Hallo Leute , ich habe da eine Frage und zwar : Was ist der Unterschied zwischen Projektabwicklung und Projektentwicklung ?;17;;;16-20
bdcdebcb-560c-403d-9fb5-ccc066569ed9;bdcdebcb-560c-403d-9fb5-ccc066569ed9__C;hat jemand ansonsten noch so Tipps für eine kastration ?;9;;;5-10
a5163fac-73d1-4f7c-8843-073b92f9a613;a5163fac-73d1-4f7c-8843-073b92f9a613__B;Hat jemand auch solche Erfahrungen gehabt , dass durch eine Coronainfektion sich die Tage verspätet oder gar ausgefallen ist ?;18;;;16-20
5dd77cfe-6a4a-4c94-9833-3c3227af732f;5dd77cfe-6a4a-4c94-9833-3c3227af732f__B;Hat jemand Tipps , damit ich nicht so krass Angst hab ?;10;;;5-10
f02b8f01-5c25-4971-a1b7-b4d88296bb98;f02b8f01-5c25-4971-a1b7-b4d88296bb98__B;Hey , kann mir jemand sagen woran ich erkenne , wann etwas aquatisiert ist ?;12;;;11-15
3cc02f8b-6dee-4026-97f1-7a8092ee00ee;3cc02f8b-6dee-4026-97f1-7a8092ee00ee__B;Hey kurze Frage . . . Weiß einer , wo man den Prozess zwischen Johnny und Amber live sehen kann ?;16;;;16-20
87e53a56-879b-4511-b58f-19e3b3091e2f;87e53a56-879b-4511-b58f-19e3b3091e2f__B;Heyy , wo kann ich gute oversized hoodies bestellen mit guter Qualität , aber nicht allzu teuer ?;15;;;11-15
52705013-05d9-4808-9a56-c245f6f2e055;52705013-05d9-4808-9a56-c245f6f2e055__B;Hi , ich frag mich immer was meine kaninchen machen wenn ich nicht da bin hat jemand eine idee ?;18;;;16-20
6992543f-563a-4948-9a6f-06dd0836d901;6992543f-563a-4948-9a6f-06dd0836d901__B;Hi , lohnt sich mining im Moment obwohl der ETH so niedrig ist ?;12;;;11-15
da38088e-5eec-4a0f-9ba6-6244024bb1d7;da38088e-5eec-4a0f-9ba6-6244024bb1d7__B;ich bin 23 Jahre alt und habe nicht wirklich einen starken Bartwuchs denkt ihr ich bekomme noch einen vollen Bart ?;20;;;16-20
6d9e0f48-25ff-4482-81e8-87b410194396;6d9e0f48-25ff-4482-81e8-87b410194396__C;ich hab anfangs 1 , 18 aber es muss doch unter 1 , 0 sein oder ?;14;;;11-15
d908ac94-157b-4de8-a519-1510635983ce;d908ac94-157b-4de8-a519-1510635983ce__A;Ich hab ein Schlafrytmuss was kann ich tun ?;8;;;5-10
5636b400-be8e-4a1b-b843-d2c3c14c967d;5636b400-be8e-4a1b-b843-d2c3c14c967d__C;Ich habe diese pflanze an einem baum gefunden ähnelt einen Pilz aber ist auf einen baum ?;16;;;16-20
00c562f6-fff7-412e-9a06-201227710621;00c562f6-fff7-412e-9a06-201227710621__B;Ich habe ein Präparat gekauft mit 10mcg Vitamn D ( Gibt es einen Unterschied zu Vitamin D3 ? );14;;;11-15
18d31877-8d4b-4c1d-a4a2-da4ee76e93de;18d31877-8d4b-4c1d-a4a2-da4ee76e93de__B;Ich habe gerade eine frage gestellt und jemand hat das wort desolat benutzt was bedeutet das ?;16;;;16-20
50e931c2-0ee4-4db1-806c-859bd229b81e;50e931c2-0ee4-4db1-806c-859bd229b81e__B;Ich habe jetzt Angst , was ist wenn die während OP sehen dass es nicht um Steißbeinfistel handelt ?;17;;;16-20
258baa31-e2e7-40e7-9dad-ba784690d27c;258baa31-e2e7-40e7-9dad-ba784690d27c__C;Ich habe sowas selbst in anderen EU-Ländern nicht erlebt , Frankreich , Italien , Niederlande , Spanien etc . Warum ist das in Deutschland so ?;19;;;16-20
7e653902-fe6d-4539-a6e1-69862ca3ec96;7e653902-fe6d-4539-a6e1-69862ca3ec96__A;Ich leide an paranoider Schizophrenie , Borderline und generalisierte Angststörung , ist mir noch zu helfen ?;14;;;11-15
03fe4b8a-3bc1-4cec-abac-6d5e8ca07d80;03fe4b8a-3bc1-4cec-abac-6d5e8ca07d80__B;Ich muss meistens schon um 5 Uhr auf die Arbeit fahren , habt ihr Tipps wie man sich morgens motivieren kann ?;20;;;16-20
9ebcaeb7-ad4a-4989-a434-cc1f676b613c;9ebcaeb7-ad4a-4989-a434-cc1f676b613c__B;Ich weiß , dass der Konflikt durch meinen Spruch angefangen hat , doch wie es jetzt geendet ( ? );15;;;11-15
db29fc2d-2342-43c1-9f90-58a12cc9b3f8;db29fc2d-2342-43c1-9f90-58a12cc9b3f8__B;Ich weiß im Moment ist keines von beiden so gut , aber wenn ihr euch entscheiden könntet , was würdet ihr wählen ?;20;;;16-20
4fb3e74e-6b75-4793-8783-ff3131460b58;4fb3e74e-6b75-4793-8783-ff3131460b58__B;Ich wollte bei legal Pyro . De bestellen weiß aber nicht ob das legal ist kann mit das jemand sagen ?;19;;;16-20
c7a432ae-acd4-421e-b5a3-0abb90d9a74e;c7a432ae-acd4-421e-b5a3-0abb90d9a74e__C;Ich würde halt gerne den gesamten September frei haben damit ich nicht unangenehm nochmal hin muss . . . Kann mir jemand helfen ?;20;;;16-20
acb67e7b-05b0-4d3b-a5b0-014092d5187a;acb67e7b-05b0-4d3b-a5b0-014092d5187a__B;Ist das ein klares plus in einer Beziehung oder kann das auf Dauer auch nerven und zu viel sein ?;19;;;16-20
5824f43d-c46c-4d06-b53a-6edcbe4f9d46;5824f43d-c46c-4d06-b53a-6edcbe4f9d46__B;Ist der Leistungskurs in BW aber auch schwerer als der Kurs in Mathe in Bayern , oder ist das genau gleich ?;20;;;16-20
d1e6d0ab-f9ba-41de-a23d-131bc1fceb08;d1e6d0ab-f9ba-41de-a23d-131bc1fceb08__A;Ist eine Anstiftung zu etwas eine Straftat ?;7;;;5-10
a7e4fff5-b232-481e-9449-824c361c32f7;a7e4fff5-b232-481e-9449-824c361c32f7__B;Ist es erlaubt dieses Noten in ein Programm wie musescore einzutippen , wenn es NUR für den privaten Gebrauch ist ?;19;;;16-20
1fb13128-df5b-42a4-9d4f-919e1bb598fe;1fb13128-df5b-42a4-9d4f-919e1bb598fe__B;Ist es normal dass ich seit Jahren Videospiele spiele aber trotzdem in jeden eigentlich schlecht bin ?;16;;;16-20
9ae1457a-c349-4515-ba98-dd52787bb30b;9ae1457a-c349-4515-ba98-dd52787bb30b__B;Ist es von der ihk aus möglich beides gleichzeitig zu machen oder ist rechtlich nur eins der Tätigkeiten zulässig ?;19;;;16-20
03421a2c-a0f1-4fa1-9863-fa872f9a8a63;03421a2c-a0f1-4fa1-9863-fa872f9a8a63__B;ist hier jemand , der für eine gewisse zeit bestimmte Dehnübungen gemacht hat und dauerhaft gewachsen ist ?;16;;;16-20
1d340923-b53d-4a1e-b67d-0153206c52ec;1d340923-b53d-4a1e-b67d-0153206c52ec__B;Kann ich als Fußballer normal CBD ÖL benutzten oder sollte ich des am Spieltag sein lassen ?;16;;;16-20
9eeeb4b8-5649-4233-8b8a-918a42d8bad8;9eeeb4b8-5649-4233-8b8a-918a42d8bad8__B;Kann ich auch abspritzen als Mann ohne den Schwanz anzufassen und nur mit der Benutzung eines Dildos / Sextoys ?;18;;;16-20
caf32491-c78f-43c8-a503-9ac745a5817a;caf32491-c78f-43c8-a503-9ac745a5817a__B;Kann ich den Film noch zu ende gucken , oder wird er um 12 Uhr heute ( 29_06 . ) gelöscht ?;16;;;16-20
e10fe7f4-86d2-4766-863c-9c43d9791d83;e10fe7f4-86d2-4766-863c-9c43d9791d83__C;Kann ich jetzt einfach einen Antrag stellen ?;7;;;5-10
2de5bb3f-929c-4c8e-ac09-920aa4197ac0;2de5bb3f-929c-4c8e-ac09-920aa4197ac0__B;kann ich mir eine Zahnbürste hinten hinein stecken oder lieber lassen ?;11;;;11-15
48458fa1-9f36-43f1-95ce-d5c1279ca402;48458fa1-9f36-43f1-95ce-d5c1279ca402__C;Kann ich vom Laden Ersatz verlangen weil es noch auf deren Parkplatz passiert ist ?;14;;;11-15
beb5c4a4-28f6-48dd-811b-1d3968793aaf;beb5c4a4-28f6-48dd-811b-1d3968793aaf__A;Kann man das essen oder muss man es entfernen ( Pilze ) ?;10;;;5-10
61372eae-6de2-480d-8455-cc34e64f83f4;61372eae-6de2-480d-8455-cc34e64f83f4__A;Kann man die untervermietete Wohnung abmelden ?;6;;;5-10
17b83daf-3703-4f41-ae6a-3dae53ef1444;17b83daf-3703-4f41-ae6a-3dae53ef1444__C;Kann man es überhaupt wie in meinem Beispiel machen , oder muss immer ein Tag dabeistehen ?;15;;;11-15
37f21704-0c63-491d-835c-5208e91ca4ae;37f21704-0c63-491d-835c-5208e91ca4ae__B;Kann mir da jemand sagen welches Anime das ist ?;9;;;5-10
2bbf6939-7ef9-41ce-a9b5-36440bff749c;2bbf6939-7ef9-41ce-a9b5-36440bff749c__D;Kann mir da vielleicht ein Mediziner oder ein Experte an sich weiterhelfen ?;12;;;11-15
48d4a170-6a6f-4a37-a388-fa093bf0f82b;48d4a170-6a6f-4a37-a388-fa093bf0f82b__B;Kann mir einer erklären wie ich meine facecam sehe während ich am spielen bin ?;14;;;11-15
6f649755-e4fd-41af-a9fb-aab97b7170c9;6f649755-e4fd-41af-a9fb-aab97b7170c9__A;Kann mir jemand die Gleichung auflösen ich komm nicht weiter ?;10;;;5-10
db37e5fd-6d7d-4054-9f26-5cd01a932f1d;db37e5fd-6d7d-4054-9f26-5cd01a932f1d__B;Kann mir jemand sagen wie zur Hölle Ich jetzt wieder an meine Konten kommen soll ?;15;;;11-15
0e40e743-2ba3-4b96-b579-366933319944;0e40e743-2ba3-4b96-b579-366933319944__B;kannst du andere Videos auch nicht anschauen ?;7;;;5-10
f38cf734-d47a-4c54-8b75-ba80a13f948e;f38cf734-d47a-4c54-8b75-ba80a13f948e__A;Kennt jemand Anime Charakter ( männlich ) die einen grauen Anzug tragen ( Für die Comic & Manga con ) ?;15;;;11-15
4aa76aa2-d76b-4763-aba4-44599ffe6fa5;4aa76aa2-d76b-4763-aba4-44599ffe6fa5__B;Kennt jemand ein schönes oder faszinierendes Zitat , welches ihr nennen wollt ?;11;;;11-15
5e758bad-ba8b-48b1-bc34-b8cd8cfcba7a;5e758bad-ba8b-48b1-bc34-b8cd8cfcba7a__B;Kennt jemand tipps oder hinweise woran diese plötzliche unglaubliche verschlechterung ausgehen könnte ?;12;;;11-15
44c628b1-d623-4d74-b691-a2aa7703a88b;44c628b1-d623-4d74-b691-a2aa7703a88b__B;Klar ist auf jeden Fall , dass es ein Quadrat sein muss , aber wieso muss der Pfeil nach rechts zeigen ?;19;;;16-20
872bd28d-3b2f-429a-95a1-917ca680cdf5;872bd28d-3b2f-429a-95a1-917ca680cdf5__C;Klar sehen die dann nicht 1 : 1 so aus - aber so grundlegend . . . Kennt ihr welche die funktionieren ?;17;;;16-20
6bf180fc-e518-4f07-b659-3242c3d2647b;6bf180fc-e518-4f07-b659-3242c3d2647b__A;Klett Physik S . 41 Nr . 2 ?;6;;;5-10
7017735c-f579-4e18-be0f-4e9f14c7fe78;7017735c-f579-4e18-be0f-4e9f14c7fe78__A;Kommt Masking auch bei Hochsensiblen vor , oder bezieht sich das ausschließlich auf Autisten ?;13;;;11-15
df914390-0174-4316-9cfd-83f03a98b3f4;df914390-0174-4316-9cfd-83f03a98b3f4__D;Können die mir die Tasche abnehmen und mich bestrafen , weil es ja Fake und somit illegal ist ?;17;;;16-20
582c2c1d-82f2-4641-9798-53aa7eae256f;582c2c1d-82f2-4641-9798-53aa7eae256f__B;Lange gesucht , aber nichts gefunden . . . Hält sich genannter Wirkstoff eher im Kopf oder im Stiel auf ?;16;;;16-20
b09c2b68-bd72-4899-b3b9-fedb79048619;b09c2b68-bd72-4899-b3b9-fedb79048619__C;Liegt es vllt daran , dass es ein älteres Modell ist ?;10;;;5-10
2041291d-535c-4283-806a-ed25d9e39fa7;2041291d-535c-4283-806a-ed25d9e39fa7__B;lohnt es sich noch zu schlafen ?;6;;;5-10
527a5faa-d1cf-4463-9b2d-4fe5f4f906b5;527a5faa-d1cf-4463-9b2d-4fe5f4f906b5__A;Mädels wie reagiert ihr als Mutter wenn euer Ehemann fragt ob er ins Puff darf ?;15;;;11-15
3d14a55c-d576-47a0-9f2a-88c4f905d270;3d14a55c-d576-47a0-9f2a-88c4f905d270__A;Mein Freund hat ein Haargummi von mir damit er an mich denkt ich will auch etwas von ihm , aber was ?;20;;;16-20
e42511c2-6270-4c8d-982d-0281454ca0ce;e42511c2-6270-4c8d-982d-0281454ca0ce__B;Mein Vater is jetzt 46 Und 1_82m aber vor ein paar Monate war er noch 1_80 wie geht das ?;18;;;16-20
4e146cdf-4275-4ad7-87f0-ce1dd5da2ecd;4e146cdf-4275-4ad7-87f0-ce1dd5da2ecd__B;Meine Frage lautet kann Mann die Daten davon löschen und wenn ja wie ?;13;;;11-15
b0461ad6-202a-4136-90fc-623bad82d699;b0461ad6-202a-4136-90fc-623bad82d699__B;Meine Mutter hat sich mit ihrem Freund getrennt wie kommt meine Mutter aus dem Mietvertrag raus ?;16;;;16-20
bd69715b-3f75-4ff0-9543-ce20517fb3c7;bd69715b-3f75-4ff0-9543-ce20517fb3c7__B;Meint ihr es ist noch zu früh um es ein bisschen zu kürzen ?;13;;;11-15
fbb6d670-da39-46ca-b8b6-446dd2c7ad35;fbb6d670-da39-46ca-b8b6-446dd2c7ad35__A;"Mit 40 als Mann die ersten paar kleinen weißen Haare , wie geht es nun weiter ; ( ?";15;;;11-15
da064559-d774-4c84-807c-761345b526b9;da064559-d774-4c84-807c-761345b526b9__A;Mögt ihr eure Cousins/Cousinen ?;5;;;5-10
0253dbdf-0171-462f-8286-6e6457b3a9cc;0253dbdf-0171-462f-8286-6e6457b3a9cc__A;Nintendo Switch online funktioniert nicht ?;5;;;5-10
2e07c07e-6130-4057-91ab-fff31c58150e;2e07c07e-6130-4057-91ab-fff31c58150e__B;Nun hilft DHL mir nicht weiter und ich möchte meine Sendungen haben sollte ich mir einen Anwalt nehmen ?;18;;;16-20
ed60792a-ed7f-4698-995b-7746b59c4086;ed60792a-ed7f-4698-995b-7746b59c4086__B;Nun meine Frage , sollte ich zum Arzt oder ist das der normale Weg , wie Muttermale entstehen ?;16;;;16-20
5628bdbf-3c30-40c7-886a-a18ce8dcfd5c;5628bdbf-3c30-40c7-886a-a18ce8dcfd5c__B;Nun zu meiner Frage : 1 ) Gibt es eine Möglichkeit , FanControl die Priorität zur Lüftersteuerung zu erteilen ?;16;;;16-20
98073dff-3640-4a8d-b02a-282dbebe4795;98073dff-3640-4a8d-b02a-282dbebe4795__B;Nur so interessehalber , welche Eigenschaften findet ihr an Frauen ansprechend oder Attraktiv ?;12;;;11-15
22559175-e2fa-429a-9eed-2e0cb30add2e;22559175-e2fa-429a-9eed-2e0cb30add2e__C;Oder gibt es Macken die ich nicht erkenne ?;8;;;5-10
f58778b0-2c4b-4416-9965-6542fe5afcff;f58778b0-2c4b-4416-9965-6542fe5afcff__E;Oder habe ich einfach nur pech , dass ich diesen als einzigen noch nicht gefangen habe ?;15;;;11-15
c29dba76-be9f-4dba-9843-469204c90b1f;c29dba76-be9f-4dba-9843-469204c90b1f__B;Oder ist das Geld was sie dafür bekommen einfach zu verlockend das man über Scham hinweggeht ?;16;;;16-20
cd7c3618-2fb2-4e77-8c86-c0e1f6a89c77;cd7c3618-2fb2-4e77-8c86-c0e1f6a89c77__G;Oder ist das mehr als freundschaft ?;6;;;5-10
0c354c44-90e5-4896-a93d-508af35d4c07;0c354c44-90e5-4896-a93d-508af35d4c07__B;Oder wächst das wieder zusammen ?;5;;;5-10
7e7df741-cac1-421d-9de0-724cc087009d;7e7df741-cac1-421d-9de0-724cc087009d__A;Okay was ist das Peinlichste/Schlimmste was euch jemals in einer Gaststätte oder Restaurant passiert ist ?;16;;;16-20
8de43410-703c-4567-9cf9-3ea6713d255b;8de43410-703c-4567-9cf9-3ea6713d255b__A;Science Fiction - Welche Endzeitfilme kennt ihr ?;6;;;5-10
9293e125-6ef9-450e-8391-febdc20674d7;9293e125-6ef9-450e-8391-febdc20674d7__B;Sind das normale Umstellungen die durch die Pille auftreten können oder sollte man sie absetzen ?;15;;;11-15
bc0f2bb4-0de3-424c-9c92-a8b4543fdf0d;bc0f2bb4-0de3-424c-9c92-a8b4543fdf0d__B;Sogar eine Anwältin hat sich darüber lustig gemacht am ende Hat das einen psychologischen Hintergrund ?;15;;;11-15
914bfc47-c651-40a8-a731-253ad0b5536d;914bfc47-c651-40a8-a731-253ad0b5536d__C;Soll ich ihn mitnehmen oder was soll ich machen ?;9;;;5-10
bfd90e71-a1ff-4098-b030-bffd2e4379a4;bfd90e71-a1ff-4098-b030-bffd2e4379a4__B;Sollte ich mit dem Kaffee oder mit der Tablette dann jeweils 2 Std warten also nen Abstand zueinander bewahren ?;19;;;16-20
d100e35f-ac1c-4fed-b735-ac73f46b9dc3;d100e35f-ac1c-4fed-b735-ac73f46b9dc3__A;Steht auf der Waage eine größere Zahl , wenn ich vorher Wasser trinke ?;12;;;11-15
3c8b684b-c4a3-43be-9afa-6e3148e7eff8;3c8b684b-c4a3-43be-9afa-6e3148e7eff8__A;Stimmt es , dass man in der Versicherungsbranche das meiste Geld bekommen kann ?;12;;;11-15
c2361816-0745-4531-b1ff-58cbe3f60581;c2361816-0745-4531-b1ff-58cbe3f60581__A;Stört es oder nervt euch das als Frau das Männer beim Orgasmus Sperma schleudern also ein Erguss haben ?;18;;;16-20
da49c4d8-c297-445b-9155-a66ab403c095;da49c4d8-c297-445b-9155-a66ab403c095__B;Sucht sich der Prüfer oft das Thema raus , was ganz am Anfang steht oder spielt das keine Rolle ?;18;;;16-20
73b4f837-59b0-427d-9a5f-aa613c1bdd70;73b4f837-59b0-427d-9a5f-aa613c1bdd70__A;Trennen sich Männer meist für eine optisch attraktivere Frau , wenn sie sich so aus der Beziehung befreien ?;17;;;16-20
ed36cc91-623f-43df-a1b4-b130e336bf14;ed36cc91-623f-43df-a1b4-b130e336bf14__C;Und wenn ich es bekommen sollte wie kann ich meine Eltern davon überzeugen ?;13;;;11-15
b5af2661-07c6-4b79-b910-df7d5948d64a;b5af2661-07c6-4b79-b910-df7d5948d64a__B;Und wenn ja wie könnte ich so ne Mail/Brief gut formulieren ?;12;;;11-15
446af4b0-f5ce-494b-8bb4-46f924efa6ab;446af4b0-f5ce-494b-8bb4-46f924efa6ab__C;Und wenn man da auch so reinkommt ist der Shop empfehlenswert oder gibt es da nur extreme Spielsachen ?;18;;;16-20
61918322-2694-4540-8422-cca59544c910;61918322-2694-4540-8422-cca59544c910__C;Und wie lange dauert es so im Schnitt bis man Bescheid kriegt ob man BAB bekommt ?;16;;;16-20
b8831662-fae2-453d-9bed-168810bcb226;b8831662-fae2-453d-9bed-168810bcb226__A;Vertraut ihr unseren Medien oder meint ihr das ist alles nach Plan dort um uns zu Manipulieren ?;17;;;16-20
e0ed3f28-d9af-4b1d-86df-bdb0cbf1d3de;e0ed3f28-d9af-4b1d-86df-bdb0cbf1d3de__C;War halt wirklich nicht absehbar , dass er für eine Parklücke solch ein Risiko seinerseits und für mich eingeht ?;18;;;16-20
5377d36f-1d05-49f0-ae7c-f551e850a285;5377d36f-1d05-49f0-ae7c-f551e850a285__B;Wäre das ok , bzw . artgerecht und keine Folter oder so für die Katze ?;13;;;11-15
02647e77-bb0e-4afa-9dea-46ec5930dbe2;02647e77-bb0e-4afa-9dea-46ec5930dbe2__A;Warum bekomm ich vom Weinen immer solche fürchterlichen Kopfschmerzen ?;9;;;5-10
dd777a69-d0ef-4901-893b-4ced943e3a63;dd777a69-d0ef-4901-893b-4ced943e3a63__A;Warum benutzt man in while-Schleifen immer i um sie zu durchlaufen ?;10;;;5-10
75759d97-6113-4191-90d3-dfd95b4f9aae;75759d97-6113-4191-90d3-dfd95b4f9aae__D;Warum darf ein Kind , das die Erstkommunion noch nicht hatte ( aber getauft wurde ) , den Leib Christi nicht empfangen ?;18;;;16-20
c979b6ec-cc33-45b0-a18f-d31e17bf47c5;c979b6ec-cc33-45b0-a18f-d31e17bf47c5__C;Warum erteilt ihm ein Mitarbeiter der Ausländerbehörde Duldung , wenn er doch gerichtlich ein Aufenthaltsrecht erwirkt hat ?;16;;;16-20
042155ca-5874-4161-b426-18b6069e393d;042155ca-5874-4161-b426-18b6069e393d__B;Warum gibt es dann trotzdem Menschen , die sich schon so früh stark anstrengen ?;13;;;11-15
59247fab-eda6-45e3-9f46-a18a3489a587;59247fab-eda6-45e3-9f46-a18a3489a587__A;Warum gibt es dort keine Moral , wo Politik oder Ökonomie ist ?;11;;;11-15
0a1406ef-d36c-48fa-9906-7e187985bb0f;0a1406ef-d36c-48fa-9906-7e187985bb0f__A;Warum hassen mich fast alle Mädchen in der Schule ?;9;;;5-10
16581299-ba58-4fe7-8871-714166b03f86;16581299-ba58-4fe7-8871-714166b03f86__A;Warum ist Albanien eigentlich so arm ?;6;;;5-10
6caa8a67-82c5-4746-a129-2983c9c50747;6caa8a67-82c5-4746-a129-2983c9c50747__A;Warum ist der Film , , Der Junge im gestreiften Pyjama so unfassbar traurig ?;12;;;11-15
4b3c48a9-e2b5-441f-b13a-1c6f6d267e81;4b3c48a9-e2b5-441f-b13a-1c6f6d267e81__A;Warum kann Russland nicht einfach normale referenden ohne Druck machen und dann das Ergebnis der Bevölkerung akzeptieren und sich zurückziehen ?;20;;;16-20
37236f49-c792-49f4-8294-1760bcf81f9f;37236f49-c792-49f4-8294-1760bcf81f9f__B;Warum muss man die Parkscheibe bei defektem Automaten überhaupt auslegen anstatt einfach so lange zu parken , wie man will ?;19;;;16-20
521ddde8-e1a3-4f6a-ab74-8cbcde3cbf0c;521ddde8-e1a3-4f6a-ab74-8cbcde3cbf0c__C;Warum sollte Schmelzgold weniger wert sein , als reines 999 Gold , wenn beim Schmelzvorgang nur noch Gold rauskommt ?;17;;;16-20
849d45a9-2934-4f41-a0b5-8e8465e082b4;849d45a9-2934-4f41-a0b5-8e8465e082b4__C;Warum sucht man sich bei so einer Fixierung auf die Brust keine passende Frau ?;14;;;11-15
94c1eac3-1caf-443e-b7ea-a4b380b8ac49;94c1eac3-1caf-443e-b7ea-a4b380b8ac49__A;Warum werden auf der Thermodynamik Übersicht von Wikipedia keine offene Systeme gelistet ?;12;;;11-15
b35bd2f5-9a50-4bbd-8bd0-1114a513b552;b35bd2f5-9a50-4bbd-8bd0-1114a513b552__A;Warum zögert Deutschland bisweilen mehr als USA der Ukraine Defensiv - und Offensivwaffen zu schicken , sollte das nicht selbstverständlich sein ?;19;;;16-20
dc24f39b-0a65-4764-9bc2-1cc70a7d36f9;dc24f39b-0a65-4764-9bc2-1cc70a7d36f9__A;Was bedeutet das Zitat für euch ?;6;;;5-10
15982a95-1291-4fcd-988c-ef8e2e2749cb;15982a95-1291-4fcd-988c-ef8e2e2749cb__B;Was habt Ihr für Erfahrungen diesbezüglich gemacht ?;7;;;5-10
e5c9ad22-4b38-45fa-97c5-9bfcb4d74e61;e5c9ad22-4b38-45fa-97c5-9bfcb4d74e61__B;Was habt ihr für Erfahrungen gemacht als ihr alleine verreist seit ?;11;;;11-15
04af6b2f-0acc-4839-bb3e-cb69fa7a9e1b;04af6b2f-0acc-4839-bb3e-cb69fa7a9e1b__A;Was ist das perfekte Leben ?;5;;;5-10
b2abd089-2810-4823-84a4-65561d5592d0;b2abd089-2810-4823-84a4-65561d5592d0__A;Was ist der Unterschied zwischen einem Trauma und einer posttraumatischen Belastungsstörung ?;11;;;11-15
4b389998-c6c2-41ad-adc0-547a662f8623;4b389998-c6c2-41ad-adc0-547a662f8623__A;Was ist der Unterschied zwischen Shrimps , Garnelen und Crevetten ?;9;;;5-10
c9f947c9-0b83-46f9-acb5-a4a88969a5ae;c9f947c9-0b83-46f9-acb5-a4a88969a5ae__A;was ist der unterschied zwischen venum impact , challenger und contender ?;10;;;5-10
7004e59f-95a4-4699-819e-50cbaa26c454;7004e59f-95a4-4699-819e-50cbaa26c454__A;was ist die Werbung die ihr gefühlt am häufigsten gesehen habt ?;11;;;11-15
d7d8ef1e-3d7a-44a0-a6b7-e6e58d645375;d7d8ef1e-3d7a-44a0-a6b7-e6e58d645375__A;was ist ein retro friseur ?;5;;;5-10
728ac288-7677-4144-b2e2-08bdd04b9bc9;728ac288-7677-4144-b2e2-08bdd04b9bc9__A;Was kann man alles über Homosexualität im Sport schreiben oder welche Themen gibt es ?;14;;;11-15
49dd2b33-4913-4133-ad93-0204065cf552;49dd2b33-4913-4133-ad93-0204065cf552__B;Was klingt für euch mehr , 4 Wochen oder ein Monat ?;10;;;5-10
c77a4c9e-227b-46bb-bce4-8753caad8752;c77a4c9e-227b-46bb-bce4-8753caad8752__B;Was könnte das sein was ich habe ?;7;;;5-10
93c3099c-f250-4a06-ba7c-320509611eb7;93c3099c-f250-4a06-ba7c-320509611eb7__A;Was passiert wenn ich zu viel verdränge ?;7;;;5-10
a71481f2-4272-4022-af40-2c5cf30ca42e;a71481f2-4272-4022-af40-2c5cf30ca42e__A;was sind das für Tierchen , ca 1mm gross mit 6 Beinen , die einen dünkler , die anderen heller ?;18;;;16-20
e2d9fa6d-5e28-45f2-bf37-9dca5ee3506a;e2d9fa6d-5e28-45f2-bf37-9dca5ee3506a__B;Was soll ich also eurer Meinung nach machen um die Situation so wenig blöd wie möglich zu machen ?;18;;;16-20
84124217-4bab-4c83-a702-6d8de996ed85;84124217-4bab-4c83-a702-6d8de996ed85__A;Was soll ich in der Email schreiben ?;7;;;5-10
8de16b3f-e290-477f-a388-dadfc68d2487;8de16b3f-e290-477f-a388-dadfc68d2487__A;Was soll ich unter einem engen Rock/Kleid anziehen ?;9;;;5-10
edae1f25-2746-4410-8d7a-14d4395c86a0;edae1f25-2746-4410-8d7a-14d4395c86a0__A;Was war das Witzigste , das ihr jemals gehört habt ?;9;;;5-10
774013ac-ed2a-4c9f-a6e9-6fc0abbf0fb2;774013ac-ed2a-4c9f-a6e9-6fc0abbf0fb2__C;weil beides geht ja bis zur 13 . klasse aber mir wurde gesagt oberstufengymnasium wäre trotzdem schwerer wo liegt der unterschied ?;20;;;16-20
aee8292b-6404-4b3f-a985-7c5dc76e7444;aee8292b-6404-4b3f-a985-7c5dc76e7444__B;Weiß denn jemand von euch ob es vor Ort eine Möglichkeit gibt ohne eine Kreditkarte ein Auto zu mieten ?;19;;;16-20
802ec616-ece2-4dab-a09a-a4c28721b11d;802ec616-ece2-4dab-a09a-a4c28721b11d__D;Weiß jemand überhaupt , wie gut die Griffe an Tefal-Geschirr halten ?;9;;;5-10
c6e10d97-daaa-4af6-a9f0-6873018e92bb;c6e10d97-daaa-4af6-a9f0-6873018e92bb__B;Weiß jemand was die uvp von der ZOTAC GAMING GeForce RTX 3070 Twin Edge OC White Edition ist ?;18;;;16-20
128eefd9-31ad-4151-9adb-891ad736092e;128eefd9-31ad-4151-9adb-891ad736092e__A;Weiß jemand wie das Oberteil heißt ?;6;;;5-10
d5d3799a-b2bc-4942-a342-bea05fafc519;d5d3799a-b2bc-4942-a342-bea05fafc519__B;Welche anderem Frauen sind auch durch Scheidungen/angebliche Vergewaltigungen reich geworden ?;11;;;11-15
dec5d0a7-a56b-4bfa-885a-75169421a1dc;dec5d0a7-a56b-4bfa-885a-75169421a1dc__B;Welche Fitnessstudios in Hannover sind gut und für völlige Anfänger geeignet ?;11;;;11-15
6a12e684-59c6-47ac-a518-7ee2311c655d;6a12e684-59c6-47ac-a518-7ee2311c655d__K;Welche Rolle spielt das bezogen auf Bafög bzw Stipendiensätze ?;9;;;5-10
83771c0c-cc29-48ab-993c-f66eef07fc7c;83771c0c-cc29-48ab-993c-f66eef07fc7c__A;Welche Vorteile hat ein LMS gegenüber einer Webseite ?;8;;;5-10
0846be0d-a799-42f5-8d4e-eda9ad2fccd4;0846be0d-a799-42f5-8d4e-eda9ad2fccd4__A;Welchen Schmuck mögt ihr an euch selbst am meisten ?;9;;;5-10
42c87417-1f90-463e-9bd8-6f205b81718a;42c87417-1f90-463e-9bd8-6f205b81718a__B;Welchen Trainingsplan bevorzugt ihr , mit dem ihr eure Spielstärke steigern konntet ?;11;;;11-15
a9a6808e-ece3-4f52-ba71-d6f78c45f333;a9a6808e-ece3-4f52-ba71-d6f78c45f333__A;Welchen YouTuber von der Bande Ninja Kidz findet ihr sieht am Besten aus ?;13;;;11-15
b92694c5-0705-4b91-b77c-8bd7f221bd6d;b92694c5-0705-4b91-b77c-8bd7f221bd6d__B;Welches der Computerspiele ist eurer Meinung nach am besten ?;9;;;5-10
ddb81b69-6d88-4048-8e9a-7be13b27dbaa;ddb81b69-6d88-4048-8e9a-7be13b27dbaa__A;Welches ist das bekannteste deutschsprachige Lied ?;6;;;5-10
3bf49eb6-c56f-4490-9738-d2bd557827b2;3bf49eb6-c56f-4490-9738-d2bd557827b2__A;Welches Obst und Gemüse ist kaliumarm und vitaminreich ?;8;;;5-10
83e664b8-e53e-4d0a-b316-207540d289a4;83e664b8-e53e-4d0a-b316-207540d289a4__A;Welches Phone bietet mir super bis sehr guten Sound , sowie Speichererweiterung per MicroSD unter 500/550 ( Neupreis ) ?;17;;;16-20
e8cb5e96-ac7d-4533-8d51-69f78ccea395;e8cb5e96-ac7d-4533-8d51-69f78ccea395__B;Wenn ich dann zur Begrüßung tach Frau von Attendorn sagen bin ich dann formal auf der sicheren Seite ?;18;;;16-20
00f3b4f0-bd6b-4ff4-ae67-26f6af85d5e3;00f3b4f0-bd6b-4ff4-ae67-26f6af85d5e3__A;Wenn ich Essays und ganze Texte von anderen verwende , muss ich diese in Anführungsstriche setzen ?;15;;;11-15
3a0a53ce-b6e1-409c-947c-9fd5de07b1b7;3a0a53ce-b6e1-409c-947c-9fd5de07b1b7__C;wenn ich jetzt eine Krankmeldung hätte und die vorzeigen würde , würde ich da mein Geld wieder bekommen ?;17;;;16-20
44d923ae-1371-4984-9d68-40d5a8c95209;44d923ae-1371-4984-9d68-40d5a8c95209__B;wenn ich mich bei der Polizei erwerben würde , würden die mich annehmen ?;12;;;11-15
1e362fde-c089-46cd-b472-ca190fa394f5;1e362fde-c089-46cd-b472-ca190fa394f5__B;Wenn man erotische Geschichten liesst , würde mich mal interessieren wieviel von solch Geschichten zum Unterschied wirklich evtl real tatsächlich passiern ?;20;;;16-20
196bc350-db10-4f9d-92cf-a62b0342e736;196bc350-db10-4f9d-92cf-a62b0342e736__B;Wenn nein , hättet ihr auch Verständnis wenn es ein pädophiler Menschen das für sich auch nicht haben wollen würde ?;19;;;16-20
356a8744-c00f-40c5-b4cb-36cba2159e6c;356a8744-c00f-40c5-b4cb-36cba2159e6c__B;Wenn nicht , wo würde sich stattdessen eine Möglichkeit bieten , die auch günstig und kurz ist ?;15;;;11-15
657eed35-da10-49c2-a926-d91cc23859ec;657eed35-da10-49c2-a926-d91cc23859ec__C;Wenn nicht was wäre der günstigste und einfachste Weg um das Problem zu beheben ?;14;;;11-15
fcc4aa75-bb97-46ce-89b8-e48087a653ed;fcc4aa75-bb97-46ce-89b8-e48087a653ed__A;Werde ich in berufliches gymnasium angenommen ?;6;;;5-10
453be32e-336d-4c64-85a5-695bb57bf986;453be32e-336d-4c64-85a5-695bb57bf986__A;Wie geht das Spiel morgen aus . . . Bayern München gegen Inter Mailand ?;11;;;11-15
fb656e4f-dd05-419c-9a54-65ccc82d9c00;fb656e4f-dd05-419c-9a54-65ccc82d9c00__A;Wie gut muss mein pc sein ?;6;;;5-10
42704409-6202-4791-b2f7-d712ebdd476f;42704409-6202-4791-b2f7-d712ebdd476f__A;Wie hat Deutschland bis jetzt noch keine Punkte bekommen bei Eurovision Song Contest ?;13;;;11-15
67f6ee96-180f-4f0f-904e-dfee5130a025;67f6ee96-180f-4f0f-904e-dfee5130a025__A;Wie hat sich Glück aus Sicht der Philosophen und Denker im laufe der Zeit geändert ?;15;;;11-15
ad177030-ab87-4d72-bc35-8593b35c85da;ad177030-ab87-4d72-bc35-8593b35c85da__A;Wie heißen die Geräte , die in einem gewissen Radius eine Funkverbindung unterbechen ?;12;;;11-15
a56d74db-0b0a-48d2-8c06-82514a138e2f;a56d74db-0b0a-48d2-8c06-82514a138e2f__A;Wie ist der Sex während der Periode ?;7;;;5-10
daa4ad86-f7b2-40f9-91ab-7a7f2afcccad;daa4ad86-f7b2-40f9-91ab-7a7f2afcccad__B;wie kann ich am billigsten ein Paket nach China schicken , ohne dass der Zoll zu hoch ist ?;17;;;16-20
c3fb8c86-c14d-4f0d-800f-14e905986193;c3fb8c86-c14d-4f0d-800f-14e905986193__A;Wie kann ich erkennen ob ein Micro USB B Kabel nur Strom übertragen kann oder auch Daten ?;17;;;16-20
fbc14e5b-3f45-4f1e-8b26-6582a760200f;fbc14e5b-3f45-4f1e-8b26-6582a760200f__A;Wie kann ich in war thunder Freunde hinzufügen ?;8;;;5-10
26b7fc50-f0e8-4aff-8c66-baede3a13047;26b7fc50-f0e8-4aff-8c66-baede3a13047__A;Wie kann ich mit meinem Crush ins Gespräch kommen ohne dass ich stottere oder nervös sein muss ?;17;;;16-20
298f3326-aeeb-4965-8865-34cb8b079216;298f3326-aeeb-4965-8865-34cb8b079216__A;Wie kann ich rawaccel instalieren ?;5;;;5-10
4ba642d0-56ea-47f0-b12b-98461f797348;4ba642d0-56ea-47f0-b12b-98461f797348__A;Wie kann ich Satan davon überzeugen , dass ich ein Satanist bin ?;11;;;11-15
d2742976-00ce-44f2-911a-c1a315b33f4a;d2742976-00ce-44f2-911a-c1a315b33f4a__A;Wie kann ich während einer stillen Arbeit in der Schule Musik hören , ohne dass der Lehrer es merkt ?;18;;;16-20
133cf670-42fa-4069-a90f-ef67e0000878;133cf670-42fa-4069-a90f-ef67e0000878__A;Wie kann man damit die Nachfrage erhöhen ?;7;;;5-10
acad5105-a1ef-40da-8554-b2b0a3e62081;acad5105-a1ef-40da-8554-b2b0a3e62081__A;Wie lässt sich die Epoche des Sturm und Drangs der deutschen Literatur eingrenzen ?;13;;;11-15
ffa0885c-ca6f-4c2e-a0ee-d764db109ac5;ffa0885c-ca6f-4c2e-a0ee-d764db109ac5__A;Wie leitet man das nach x mit der Quotientenregel ab ?;10;;;5-10
26abc502-3c00-4f36-8b18-2ea39734ce31;26abc502-3c00-4f36-8b18-2ea39734ce31__A;Wie merkt man das man verliebt ist ?;7;;;5-10
8f15b1b8-8864-431d-a231-4aee9e9ed1fc;8f15b1b8-8864-431d-a231-4aee9e9ed1fc__A;Wie passe ich auf meinen Reisepass auf ?;7;;;5-10
a22cf441-4c04-4435-a219-88e2a2a0c603;a22cf441-4c04-4435-a219-88e2a2a0c603__A;Wie schnell fährt mein mopet nach diesem tuning ?;8;;;5-10
844c1788-e5ef-42e2-a31f-83b104342be2;844c1788-e5ef-42e2-a31f-83b104342be2__A;Wie schreibe ich jemanden bei eBay Kleinanzeigen an wenn ich Interesse an einen Katzen Baby habe ?;16;;;16-20
fafb5ef5-ccbb-4002-b32f-ca1d552a992b;fafb5ef5-ccbb-4002-b32f-ca1d552a992b__F;Wie sieht diese Welt aus , wenn wir zu allem ja sagen ?;11;;;11-15
2dd57540-f1a4-4b83-b747-e75f6620b10e;2dd57540-f1a4-4b83-b747-e75f6620b10e__A;Wie teuer ist Chicago im Vergleich zu diesen Städten ?;9;;;5-10
f514a194-259f-4c23-9029-aa31e916692b;f514a194-259f-4c23-9029-aa31e916692b__A;Wie unterscheidet sich eine narzisstische Persönlichkeitsstörung von anderen Persönlichkeitsstörungen ?;9;;;5-10
dcc2f0b8-6d72-4905-82c3-cdde2db0b7ae;dcc2f0b8-6d72-4905-82c3-cdde2db0b7ae__A;Wie viele kalorien sollte man essen wenn man abnehmen will aber kein jojo effekt haben möchte ?;16;;;16-20
fc162fce-f0dd-406f-ad14-2e959b2b89bb;fc162fce-f0dd-406f-ad14-2e959b2b89bb__A;Wie weiß man ob man fit genug für eine Wallfahrt mit 4*30 km ist ?;13;;;11-15
40350382-78a2-41ec-a7ac-e22354c011bb;40350382-78a2-41ec-a7ac-e22354c011bb__A;Wie würdet ihr euch in drei Eigenschaften beschreiben ?;8;;;5-10
69814d9b-4d45-41a6-ad78-8867f7439e9d;69814d9b-4d45-41a6-ad78-8867f7439e9d__A;Wie zeige ich ihr dass sie mir wirklich was bedeutet ?;10;;;5-10
152c92a5-8eab-418f-b7a1-0968738cef1d;152c92a5-8eab-418f-b7a1-0968738cef1d__B;Wieso diese so günstig sind , erschließt sich mir nicht wirklich . . . hat hier jemand Erfahrungen gemacht ?;15;;;11-15
997e5bc9-00cb-447a-af64-a18c7cbe1ac2;997e5bc9-00cb-447a-af64-a18c7cbe1ac2__A;Wieso ermittelt die Polizei erst jetzt ?;6;;;5-10
ea2f9b57-3710-4440-8197-c96e27c59bed;ea2f9b57-3710-4440-8197-c96e27c59bed__A;Wieso hören Menschen Mark Forster ?;5;;;5-10
01306988-0095-49be-82c6-5bdfa92291a4;01306988-0095-49be-82c6-5bdfa92291a4__A;Wieso setzt man heute noch Kinder in die Welt ?;9;;;5-10
52274817-2e2e-47e3-87ef-656028464b04;52274817-2e2e-47e3-87ef-656028464b04__C;"wir haben uns bisher auf 4 namen geeinigt ; Nelli , Cookie , Panda , Toffee . . . kennt ihr vielleicht namen , die so ähnlich sind ?";20;;;16-20
54b728ca-9fe8-4241-a742-24afe2400aab;54b728ca-9fe8-4241-a742-24afe2400aab__A;Wird es Heizprobleme im Winter geben ?;6;;;5-10
e922d93b-6ebb-4679-95a3-4239c07141a8;e922d93b-6ebb-4679-95a3-4239c07141a8__C;Wird man denen das Auto verkaufen ?;6;;;5-10
94306264-212c-499a-a6f4-fd954b641b33;94306264-212c-499a-a6f4-fd954b641b33__D;Wird sie verrotten und von alleine verschwinden oder bleibt sie da für immer ?;13;;;11-15
5e969422-bf37-4586-a52c-da344095de1c;5e969422-bf37-4586-a52c-da344095de1c__B;Wisst ihr wo ich Fifa 14 digital kaufen kann auf dem PC ?;12;;;11-15
e64ed372-db65-4a17-94d6-2331d73d20cb;e64ed372-db65-4a17-94d6-2331d73d20cb__A;Wo bekommt man günstig einen DIN A4 Rahmen ?;7;;;5-10
7f9de449-0032-441f-8663-c42f0fef91a3;7f9de449-0032-441f-8663-c42f0fef91a3__A;Wo finde ich diesen Fortnite Comic Zero War mit dem Spider-Man Code ?;11;;;11-15
d5dd00f4-879d-4a7f-b0ca-8bcf0bb107cf;d5dd00f4-879d-4a7f-b0ca-8bcf0bb107cf__A;Wo gibts gute Hoodies die oversize mäßig sitzen und guten stoff haben ?;12;;;11-15
4b201a80-8938-4f88-849a-7aac154ea2ea;4b201a80-8938-4f88-849a-7aac154ea2ea__B;Wo kann ich Noragami Staffel 2 kostenlos gucken ?;8;;;5-10
55dcd4a3-2f72-44bb-9733-74342e5180f4;55dcd4a3-2f72-44bb-9733-74342e5180f4__B;Wo kann man sehen , was für Vereine Schulden haben und eventuell auch einen neuen Inhaber suchen ?;16;;;16-20
4de8c722-b617-43f3-80c6-4d3a274fc956;4de8c722-b617-43f3-80c6-4d3a274fc956__B;Wo könnte ich denn hingehen , damit ich eines Tages wieder neue Freunde finden kann ?;14;;;11-15
b5ca144a-b418-49ce-adc8-e5bfbd55ff7b;b5ca144a-b418-49ce-adc8-e5bfbd55ff7b__D;Wodurch unterscheiden sich die Molekularstrukturen und die Wirkmechanismen von CBD und THC ?;12;;;11-15
d79e9ff8-cb44-4ccd-b4b0-a19fdb1f03a7;d79e9ff8-cb44-4ccd-b4b0-a19fdb1f03a7__A;Würdet ihr als Elternteil enttäuscht sein , wenn euch euer Kind in keinster Weise ähneln würde ?;15;;;11-15
2497a2a4-39e6-489c-9732-0515b9c21d59;2497a2a4-39e6-489c-9732-0515b9c21d59__A;Würdet ihr eine Fitnessmatte in Rosa kaufen wenn sie 10€ günstiger ist als alle anderne Farben ?;16;;;16-20
391bb8c4-78dd-43de-8bdd-019482eb1154;391bb8c4-78dd-43de-8bdd-019482eb1154__B;Würdet ihr euch mehr ärgern wenn es ein kleiner Fehler oder wenn es ein großer Fehler wäre ?;17;;;16-20
36110834-e5f2-4938-b3f0-0d3211209447;36110834-e5f2-4938-b3f0-0d3211209447__B;Würdet ihr ihn gegen einen anderen kleinen Bären kämpfen lassen ?;10;;;5-10
6607e990-98d8-40d9-9823-052a7e2d6745;6607e990-98d8-40d9-9823-052a7e2d6745__A;Xbox series s Gerätesperre FIFA 22 ?;6;;;5-10
80cc54c9-3424-4afe-bd8d-5047c6b1e76e;80cc54c9-3424-4afe-bd8d-5047c6b1e76e__C;Zum einen aus Gasen ( Luft , Rauch oder Nebel ) , aber auch aus festeren Stoffen wie Kräuter oder Flüssigkeiten ?;17;;;16-20
0dcbe626-6097-494e-97de-317132b8d3a2;0dcbe626-6097-494e-97de-317132b8d3a2__B;Zusätzlich zur Frage : Wäre das Ergebnis anders , falls es sich nicht um bestimme Personen handeln würde ?;16;;;16-20